{"cameraMode":{"drawMode":0,"name":"Shaded","section":"Shading Mode"},"sceneLighting":true,"audioPlay":false,"sceneViewState":{"showFog":true,"showMaterialUpdate":true,"showSkybox":true,"showFlares":true,"showImageEffects":true,"showParticleSystems":true},"in2DMode":false,"pivot":{"x":1.4502060413360596,"y":8.968341827392579,"z":-49.81925964355469},"rotation":{"x":0.5537571907043457,"y":0.0339442603290081,"z":-0.022510318085551263,"w":0.8316814303398132},"size":18.058652877807618,"orthographic":false}