{"cameraMode":{"drawMode":0,"name":"Shaded","section":"Shading Mode"},"sceneLighting":false,"audioPlay":false,"sceneViewState":{"showFog":true,"showMaterialUpdate":false,"showSkybox":false,"showFlares":true,"showImageEffects":true,"showParticleSystems":true},"in2DMode":false,"pivot":{"x":27.81365394592285,"y":20.347644805908204,"z":-31.775196075439454},"rotation":{"x":0.04663912579417229,"y":-0.8862684965133667,"z":0.09151729941368103,"w":0.451638787984848},"size":6.586418151855469,"orthographic":false}