{"cameraMode":{"drawMode":0,"name":"Shaded","section":"Shading Mode"},"sceneLighting":true,"audioPlay":false,"sceneViewState":{"showFog":true,"showMaterialUpdate":true,"showSkybox":true,"showFlares":true,"showImageEffects":true,"showParticleSystems":true},"in2DMode":false,"pivot":{"x":1.1706807613372803,"y":1.7418737411499024,"z":-76.72003173828125},"rotation":{"x":-0.13519537448883058,"y":-0.8105236291885376,"z":0.5312685966491699,"w":-0.20622166991233827},"size":17.810853958129884,"orthographic":false}