{"cameraMode":{"drawMode":0,"name":"Shaded","section":"Shading Mode"},"sceneLighting":false,"audioPlay":false,"sceneViewState":{"showFog":true,"showMaterialUpdate":true,"showSkybox":false,"showFlares":true,"showImageEffects":true,"showParticleSystems":true},"in2DMode":false,"pivot":{"x":3.0586252212524416,"y":-0.1135261058807373,"z":0.9900517463684082},"rotation":{"x":-0.08917474001646042,"y":-0.824604868888855,"z":0.13549064099788667,"w":-0.5419567227363586},"size":5.3544697761535648,"orthographic":false}