{"cameraMode":{"drawMode":0,"name":"Shaded","section":"Shading Mode"},"sceneLighting":false,"audioPlay":false,"sceneViewState":{"showFog":true,"showMaterialUpdate":false,"showSkybox":false,"showFlares":true,"showImageEffects":true,"showParticleSystems":true},"in2DMode":false,"pivot":{"x":0.24678292870521546,"y":0.613951563835144,"z":-41.45499801635742},"rotation":{"x":0.0006929862429387867,"y":-0.990683913230896,"z":0.13607440888881684,"w":0.005364716053009033},"size":5.437110900878906,"orthographic":false}