{"cameraMode":{"drawMode":0,"name":"Shaded","section":"Shading Mode"},"sceneLighting":false,"audioPlay":false,"sceneViewState":{"showFog":true,"showMaterialUpdate":true,"showSkybox":false,"showFlares":true,"showImageEffects":true,"showParticleSystems":true},"in2DMode":false,"pivot":{"x":-10.130943298339844,"y":4.8658857345581059,"z":-4.775956630706787},"rotation":{"x":0.047669071704149249,"y":-0.9496750831604004,"z":0.2518496513366699,"w":0.1800464540719986},"size":5.135327339172363,"orthographic":false}