{"cameraMode":{"drawMode":0,"name":"Shaded","section":"Shading Mode"},"sceneLighting":false,"audioPlay":false,"sceneViewState":{"showFog":true,"showMaterialUpdate":false,"showSkybox":false,"showFlares":true,"showImageEffects":true,"showParticleSystems":true},"in2DMode":false,"pivot":{"x":2.3732900619506838,"y":-4.817288398742676,"z":-60.50480270385742},"rotation":{"x":0.027980731800198556,"y":0.7463659048080444,"z":-0.6641987562179565,"w":0.03154241666197777},"size":16.853668212890626,"orthographic":false}