{"cameraMode":{"drawMode":0,"name":"Shaded","section":"Shading Mode"},"sceneLighting":false,"audioPlay":false,"sceneViewState":{"showFog":true,"showMaterialUpdate":false,"showSkybox":false,"showFlares":true,"showImageEffects":true,"showParticleSystems":true},"in2DMode":false,"pivot":{"x":14.366241455078125,"y":-11.5009765625,"z":-75.80864715576172},"rotation":{"x":-0.1306997835636139,"y":-0.8611598610877991,"z":0.2777615189552307,"w":-0.4051787853240967},"size":52.93533706665039,"orthographic":false}