{"cameraMode":{"drawMode":0,"name":"Shaded","section":"Shading Mode"},"sceneLighting":false,"audioPlay":false,"sceneViewState":{"showFog":true,"showMaterialUpdate":false,"showSkybox":false,"showFlares":true,"showImageEffects":true,"showParticleSystems":true},"in2DMode":false,"pivot":{"x":-0.823047399520874,"y":-10.255279541015625,"z":-45.47411346435547},"rotation":{"x":-0.07602762430906296,"y":0.8678509593009949,"z":-0.47052082419395449,"w":-0.14023098349571229},"size":90.77073669433594,"orthographic":false}