{"cameraMode":{"drawMode":0,"name":"Shaded","section":"Shading Mode"},"sceneLighting":false,"audioPlay":false,"sceneViewState":{"showFog":true,"showMaterialUpdate":false,"showSkybox":false,"showFlares":true,"showImageEffects":true,"showParticleSystems":true},"in2DMode":false,"pivot":{"x":20.27593231201172,"y":-3.5583877563476564,"z":-41.40962219238281},"rotation":{"x":0.20550069212913514,"y":0.4665108323097229,"z":-0.11233483999967575,"w":0.8529467582702637},"size":42.29909133911133,"orthographic":false}