{"cameraMode":{"drawMode":0,"name":"Shaded","section":"Shading Mode"},"sceneLighting":true,"audioPlay":false,"sceneViewState":{"showFog":true,"showMaterialUpdate":true,"showSkybox":true,"showFlares":true,"showImageEffects":true,"showParticleSystems":true},"in2DMode":false,"pivot":{"x":1.0089998245239258,"y":4.2829999923706059,"z":-69.83200073242188},"rotation":{"x":-0.0010085351532325149,"y":0.9985712170600891,"z":0.048553790897130969,"w":0.022295359522104265},"size":13.776506423950196,"orthographic":false}