{"cameraMode":{"drawMode":0,"name":"Shaded","section":"Shading Mode"},"sceneLighting":false,"audioPlay":false,"sceneViewState":{"showFog":true,"showMaterialUpdate":true,"showSkybox":false,"showFlares":true,"showImageEffects":true,"showParticleSystems":true},"in2DMode":false,"pivot":{"x":-2.033541679382324,"y":4.253609657287598,"z":-73.48274230957031},"rotation":{"x":0.24319030344486237,"y":-0.7463745474815369,"z":0.360319048166275,"w":0.5039382576942444},"size":8.778042793273926,"orthographic":false}