{"cameraMode":{"drawMode":0,"name":"Shaded","section":"Shading Mode"},"sceneLighting":false,"audioPlay":false,"sceneViewState":{"showFog":true,"showMaterialUpdate":false,"showSkybox":false,"showFlares":true,"showImageEffects":true,"showParticleSystems":true},"in2DMode":false,"pivot":{"x":11.238718032836914,"y":0.3856687545776367,"z":-84.36332702636719},"rotation":{"x":-0.015176094137132168,"y":-0.9405350089073181,"z":0.04236171394586563,"w":-0.3367033302783966},"size":14.560264587402344,"orthographic":false}