{"cameraMode":{"drawMode":0,"name":"Shaded","section":"Shading Mode"},"sceneLighting":false,"audioPlay":false,"sceneViewState":{"showFog":true,"showMaterialUpdate":false,"showSkybox":false,"showFlares":true,"showImageEffects":true,"showParticleSystems":true},"in2DMode":false,"pivot":{"x":-1.738978385925293,"y":0.3433631658554077,"z":-77.51065826416016},"rotation":{"x":-0.000855830148793757,"y":0.9696667790412903,"z":-0.2444046139717102,"w":-0.00346559239551425},"size":3.151186227798462,"orthographic":false}