{"cameraMode":{"drawMode":0,"name":"Shaded","section":"Shading Mode"},"sceneLighting":true,"audioPlay":false,"sceneViewState":{"showFog":true,"showMaterialUpdate":true,"showSkybox":true,"showFlares":true,"showImageEffects":true,"showParticleSystems":true},"in2DMode":false,"pivot":{"x":0.08719407021999359,"y":6.577999591827393,"z":-85.2835693359375},"rotation":{"x":0.0012553769629448653,"y":0.9930800795555115,"z":0.11700721830129624,"w":-0.009987826459109784},"size":22.553064346313478,"orthographic":false}