{"cameraMode":{"drawMode":0,"name":"Shaded","section":"Shading Mode"},"sceneLighting":false,"audioPlay":false,"sceneViewState":{"showFog":true,"showMaterialUpdate":false,"showSkybox":false,"showFlares":true,"showImageEffects":true,"showParticleSystems":true},"in2DMode":false,"pivot":{"x":2.6286938190460207,"y":1.4684534072875977,"z":-78.66100311279297},"rotation":{"x":0.008530878461897374,"y":-0.9754323959350586,"z":0.21680337190628053,"w":0.03814654052257538},"size":0.6559402346611023,"orthographic":false}