{"cameraMode":{"drawMode":0,"name":"Shaded","section":"Shading Mode"},"sceneLighting":true,"audioPlay":false,"sceneViewState":{"showFog":true,"showMaterialUpdate":true,"showSkybox":true,"showFlares":true,"showImageEffects":true,"showParticleSystems":true},"in2DMode":false,"pivot":{"x":1.7996516227722169,"y":1.4481147527694703,"z":-81.27354431152344},"rotation":{"x":-0.0006461907178163528,"y":-0.9925091862678528,"z":0.12211602181196213,"w":-0.003591483226045966},"size":5.528425693511963,"orthographic":false}