{"cameraMode":{"drawMode":0,"name":"Shaded","section":"Shading Mode"},"sceneLighting":false,"audioPlay":false,"sceneViewState":{"showFog":true,"showMaterialUpdate":false,"showSkybox":false,"showFlares":true,"showImageEffects":true,"showParticleSystems":true},"in2DMode":false,"pivot":{"x":1.0500001907348633,"y":3.0199999809265138,"z":-69.96204376220703},"rotation":{"x":-0.011363711208105088,"y":-0.987284779548645,"z":0.0831322968006134,"w":-0.13501322269439698},"size":26.656566619873048,"orthographic":false}