{"cameraMode":{"drawMode":0,"name":"Shaded","section":"Shading Mode"},"sceneLighting":false,"audioPlay":false,"sceneViewState":{"showFog":true,"showMaterialUpdate":false,"showSkybox":false,"showFlares":true,"showImageEffects":true,"showParticleSystems":true},"in2DMode":false,"pivot":{"x":27.81365394592285,"y":20.347644805908204,"z":-31.775196075439454},"rotation":{"x":0.09643178433179856,"y":-0.901980459690094,"z":0.2680792510509491,"w":0.32444676756858828},"size":5.386417388916016,"orthographic":false}