{"cameraMode":{"drawMode":0,"name":"Shaded","section":"Shading Mode"},"sceneLighting":false,"audioPlay":false,"sceneViewState":{"showFog":true,"showMaterialUpdate":false,"showSkybox":false,"showFlares":true,"showImageEffects":true,"showParticleSystems":true},"in2DMode":false,"pivot":{"x":-0.03990975022315979,"y":-0.001593470573425293,"z":-41.228702545166019},"rotation":{"x":-0.02707883156836033,"y":-0.9031368494033814,"z":0.42462390661239626,"w":-0.05748983845114708},"size":3.3371102809906008,"orthographic":false}