{"cameraMode":{"drawMode":0,"name":"Shaded","section":"Shading Mode"},"sceneLighting":false,"audioPlay":false,"sceneViewState":{"showFog":true,"showMaterialUpdate":false,"showSkybox":false,"showFlares":true,"showImageEffects":true,"showParticleSystems":true},"in2DMode":false,"pivot":{"x":-6.3423051834106449,"y":-0.7974622249603272,"z":15.4141845703125},"rotation":{"x":0.16691385209560395,"y":-0.5631361603736877,"z":0.11738400906324387,"w":0.8007736802101135},"size":6.134435653686523,"orthographic":false}