{"cameraMode":{"drawMode":0,"name":"Shaded","section":"Shading Mode"},"sceneLighting":true,"audioPlay":false,"sceneViewState":{"showFog":true,"showMaterialUpdate":true,"showSkybox":true,"showFlares":true,"showImageEffects":true,"showParticleSystems":true},"in2DMode":false,"pivot":{"x":-2.9980030059814455,"y":4.266666412353516,"z":-65.87532806396485},"rotation":{"x":-0.017539724707603456,"y":0.8971898555755615,"z":-0.0358244925737381,"w":-0.43984028697013857},"size":47.16688919067383,"orthographic":false}