{"cameraMode":{"drawMode":0,"name":"Shaded","section":"Shading Mode"},"sceneLighting":false,"audioPlay":false,"sceneViewState":{"showFog":true,"showMaterialUpdate":false,"showSkybox":false,"showFlares":true,"showImageEffects":true,"showParticleSystems":true},"in2DMode":false,"pivot":{"x":-5.525411605834961,"y":14.40397834777832,"z":-36.49125671386719},"rotation":{"x":0.1525900810956955,"y":0.7032743692398071,"z":-0.15873533487319947,"w":0.6759619116783142},"size":8.929004669189454,"orthographic":false}