{"cameraMode":{"drawMode":0,"name":"Shaded","section":"Shading Mode"},"sceneLighting":true,"audioPlay":false,"sceneViewState":{"showFog":true,"showMaterialUpdate":true,"showSkybox":true,"showFlares":true,"showImageEffects":true,"showParticleSystems":true},"in2DMode":false,"pivot":{"x":8.318092346191407,"y":0.24356362223625184,"z":-47.04872512817383},"rotation":{"x":-0.19923830032348634,"y":-0.03604112192988396,"z":0.007252818439155817,"w":-0.9792612195014954},"size":29.677635192871095,"orthographic":false}