{"cameraMode":{"drawMode":0,"name":"Shaded","section":"Shading Mode"},"sceneLighting":false,"audioPlay":false,"sceneViewState":{"showFog":true,"showMaterialUpdate":false,"showSkybox":false,"showFlares":true,"showImageEffects":true,"showParticleSystems":true},"in2DMode":false,"pivot":{"x":-9.073418617248536,"y":-0.37267544865608218,"z":-43.91230773925781},"rotation":{"x":0.06229294091463089,"y":-0.7725687623023987,"z":0.07674853503704071,"w":0.6271896362304688},"size":8.632304191589356,"orthographic":false}