{"cameraMode":{"drawMode":0,"name":"Shaded","section":"Shading Mode"},"sceneLighting":false,"audioPlay":false,"sceneViewState":{"showFog":true,"showMaterialUpdate":true,"showSkybox":false,"showFlares":true,"showImageEffects":true,"showParticleSystems":true},"in2DMode":false,"pivot":{"x":1.0466104745864869,"y":1.2308783531188965,"z":-71.85387420654297},"rotation":{"x":-0.06476103514432907,"y":0.9237796664237976,"z":-0.3299468159675598,"w":-0.18322694301605225},"size":3.4448976516723635,"orthographic":false}