{"cameraMode":{"drawMode":0,"name":"Shaded","section":"Shading Mode"},"sceneLighting":false,"audioPlay":false,"sceneViewState":{"showFog":true,"showMaterialUpdate":true,"showSkybox":false,"showFlares":true,"showImageEffects":true,"showParticleSystems":true},"in2DMode":false,"pivot":{"x":8.35200023651123,"y":5.071000099182129,"z":-75.60399627685547},"rotation":{"x":-0.06643500179052353,"y":-0.8337050676345825,"z":0.10279537737369538,"w":-0.5384750962257385},"size":2.526482343673706,"orthographic":false}