{"cameraMode":{"drawMode":0,"name":"Shaded","section":"Shading Mode"},"sceneLighting":false,"audioPlay":false,"sceneViewState":{"showFog":true,"showMaterialUpdate":true,"showSkybox":false,"showFlares":true,"showImageEffects":true,"showParticleSystems":true},"in2DMode":false,"pivot":{"x":-1.668236494064331,"y":-0.5118639469146729,"z":0.6839190721511841},"rotation":{"x":0.08118346333503723,"y":-0.021060552448034288,"z":-0.0017529978649690748,"w":-0.9964751601219177},"size":0.28023722767829897,"orthographic":false}