{"cameraMode":{"drawMode":0,"name":"Shaded","section":"Shading Mode"},"sceneLighting":false,"audioPlay":false,"sceneViewState":{"showFog":true,"showMaterialUpdate":true,"showSkybox":false,"showFlares":true,"showImageEffects":true,"showParticleSystems":true},"in2DMode":false,"pivot":{"x":4.005590438842773,"y":1.494376540184021,"z":-75.75200653076172},"rotation":{"x":-0.0030133496038615705,"y":-0.9900985956192017,"z":0.13872075080871583,"w":-0.02126554772257805},"size":3.4863100051879885,"orthographic":false}