{"cameraMode":{"drawMode":0,"name":"Shaded","section":"Shading Mode"},"sceneLighting":false,"audioPlay":false,"sceneViewState":{"showFog":true,"showMaterialUpdate":false,"showSkybox":false,"showFlares":true,"showImageEffects":true,"showParticleSystems":true},"in2DMode":false,"pivot":{"x":0.7694764137268066,"y":-0.18398773670196534,"z":-40.847564697265628},"rotation":{"x":-0.04523755982518196,"y":-0.9387549161911011,"z":0.31369343400001528,"w":-0.13523736596107484},"size":3.937110185623169,"orthographic":false}