{"cameraMode":{"drawMode":0,"name":"Shaded","section":"Shading Mode"},"sceneLighting":true,"audioPlay":false,"sceneViewState":{"showFog":true,"showMaterialUpdate":true,"showSkybox":true,"showFlares":true,"showImageEffects":true,"showParticleSystems":true},"in2DMode":false,"pivot":{"x":-9.083532333374024,"y":-0.35221999883651736,"z":-41.48326110839844},"rotation":{"x":-0.26690933108329775,"y":0.7053893208503723,"z":-0.33416974544525149,"w":-0.5652573704719544},"size":49.46824264526367,"orthographic":false}