{"cameraMode":{"drawMode":0,"name":"Shaded","section":"Shading Mode"},"sceneLighting":false,"audioPlay":false,"sceneViewState":{"showFog":true,"showMaterialUpdate":true,"showSkybox":false,"showFlares":true,"showImageEffects":true,"showParticleSystems":true},"in2DMode":false,"pivot":{"x":1.0620008707046509,"y":1.5019999742507935,"z":-81.22457122802735},"rotation":{"x":-0.04058358818292618,"y":0.9452855587005615,"z":-0.1295902580022812,"w":-0.296639084815979},"size":4.086222171783447,"orthographic":false}