{"cameraMode":{"drawMode":0,"name":"Shaded","section":"Shading Mode"},"sceneLighting":false,"audioPlay":false,"sceneViewState":{"showFog":true,"showMaterialUpdate":true,"showSkybox":false,"showFlares":true,"showImageEffects":true,"showParticleSystems":true},"in2DMode":false,"pivot":{"x":-15.636494636535645,"y":-0.5690990686416626,"z":3.230634927749634},"rotation":{"x":0.042098239064216617,"y":-0.957722008228302,"z":0.19457602500915528,"w":0.20769324898719788},"size":1.75648832321167,"orthographic":false}