{"cameraMode":{"drawMode":0,"name":"Shaded","section":"Shading Mode"},"sceneLighting":false,"audioPlay":false,"sceneViewState":{"showFog":true,"showMaterialUpdate":true,"showSkybox":false,"showFlares":true,"showImageEffects":true,"showParticleSystems":true},"in2DMode":false,"pivot":{"x":-6.281000137329102,"y":-0.6340000629425049,"z":5.240997314453125},"rotation":{"x":0.1427900344133377,"y":-0.7013705968856812,"z":0.14703693985939027,"w":0.682693600654602},"size":4.14064884185791,"orthographic":false}