{"cameraMode":{"drawMode":0,"name":"Shaded","section":"Shading Mode"},"sceneLighting":false,"audioPlay":false,"sceneViewState":{"showFog":true,"showMaterialUpdate":false,"showSkybox":false,"showFlares":true,"showImageEffects":true,"showParticleSystems":true},"in2DMode":false,"pivot":{"x":-0.30100107192993166,"y":0.862668514251709,"z":-76.60807800292969},"rotation":{"x":0.008412407711148262,"y":0.9872855544090271,"z":-0.14861539006233216,"w":0.05576698109507561},"size":3.246293306350708,"orthographic":false}