{"cameraMode":{"drawMode":0,"name":"Shaded","section":"Shading Mode"},"sceneLighting":false,"audioPlay":false,"sceneViewState":{"showFog":true,"showMaterialUpdate":false,"showSkybox":false,"showFlares":true,"showImageEffects":true,"showParticleSystems":true},"in2DMode":false,"pivot":{"x":-1.7072432041168213,"y":0.7037859559059143,"z":-76.9185791015625},"rotation":{"x":-0.032250307500362399,"y":0.9660413265228272,"z":-0.14986947178840638,"w":-0.20799796283245088},"size":1.825939416885376,"orthographic":false}