{"cameraMode":{"drawMode":0,"name":"Shaded","section":"Shading Mode"},"sceneLighting":false,"audioPlay":false,"sceneViewState":{"showFog":true,"showMaterialUpdate":false,"showSkybox":false,"showFlares":true,"showImageEffects":true,"showParticleSystems":true},"in2DMode":false,"pivot":{"x":-9.747401237487793,"y":-4.518094062805176,"z":21.387027740478517},"rotation":{"x":0.16668950021266938,"y":-0.4958624839782715,"z":0.09762625396251679,"w":0.8466428518295288},"size":8.455765724182129,"orthographic":false}