{"cameraMode":{"drawMode":0,"name":"Shaded","section":"Shading Mode"},"sceneLighting":false,"audioPlay":false,"sceneViewState":{"showFog":true,"showMaterialUpdate":false,"showSkybox":false,"showFlares":true,"showImageEffects":true,"showParticleSystems":true},"in2DMode":false,"pivot":{"x":-4.6379714012146,"y":4.352954387664795,"z":-1.6437342166900635},"rotation":{"x":-0.026142556220293046,"y":0.8993433117866516,"z":0.4330875277519226,"w":0.05416135862469673},"size":27.38925552368164,"orthographic":false}