{"cameraMode":{"drawMode":0,"name":"Shaded","section":"Shading Mode"},"sceneLighting":false,"audioPlay":false,"sceneViewState":{"showFog":true,"showMaterialUpdate":true,"showSkybox":false,"showFlares":true,"showImageEffects":true,"showParticleSystems":true},"in2DMode":false,"pivot":{"x":0.4509719908237457,"y":0.806341826915741,"z":-74.84442138671875},"rotation":{"x":0.08118346333503723,"y":-0.021060552448034288,"z":-0.0017529978649690748,"w":-0.9964751601219177},"size":3.5165863037109377,"orthographic":false}