{"cameraMode":{"drawMode":0,"name":"Shaded","section":"Shading Mode"},"sceneLighting":true,"audioPlay":false,"sceneViewState":{"showFog":true,"showMaterialUpdate":true,"showSkybox":true,"showFlares":true,"showImageEffects":true,"showParticleSystems":true},"in2DMode":false,"pivot":{"x":0.059275150299072269,"y":0.4926114082336426,"z":-77.97593688964844},"rotation":{"x":-0.07394754141569138,"y":-0.925191342830658,"z":0.2855498492717743,"w":-0.23877619206905366},"size":8.673942565917969,"orthographic":false}