{"cameraMode":{"drawMode":0,"name":"Shaded","section":"Shading Mode"},"sceneLighting":true,"audioPlay":false,"sceneViewState":{"showFog":true,"showMaterialUpdate":true,"showSkybox":true,"showFlares":true,"showImageEffects":true,"showParticleSystems":true},"in2DMode":false,"pivot":{"x":3.2155253887176515,"y":2.630499839782715,"z":-85.15204620361328},"rotation":{"x":-0.00015926123887766153,"y":-0.9995511770248413,"z":0.0027118828147649767,"w":-0.02983459271490574},"size":48.69286346435547,"orthographic":false}