{"cameraMode":{"drawMode":0,"name":"Shaded","section":"Shading Mode"},"sceneLighting":false,"audioPlay":false,"sceneViewState":{"showFog":true,"showMaterialUpdate":true,"showSkybox":false,"showFlares":true,"showImageEffects":true,"showParticleSystems":true},"in2DMode":false,"pivot":{"x":-0.20761975646018983,"y":0.8750549554824829,"z":-74.53982543945313},"rotation":{"x":-0.0004002702480647713,"y":0.9995492100715637,"z":-0.023702450096607209,"w":-0.018425842747092248},"size":2.916586399078369,"orthographic":false}