{"cameraMode":{"drawMode":0,"name":"Shaded","section":"Shading Mode"},"sceneLighting":false,"audioPlay":false,"sceneViewState":{"showFog":true,"showMaterialUpdate":false,"showSkybox":false,"showFlares":true,"showImageEffects":true,"showParticleSystems":true},"in2DMode":false,"pivot":{"x":1.3971850872039796,"y":0.926052451133728,"z":-48.038291931152347},"rotation":{"x":-0.0753776803612709,"y":-0.7896549105644226,"z":0.6007920503616333,"w":-0.09905686229467392},"size":1.9669044017791749,"orthographic":false}