{"cameraMode":{"drawMode":0,"name":"Shaded","section":"Shading Mode"},"sceneLighting":false,"audioPlay":false,"sceneViewState":{"showFog":true,"showMaterialUpdate":false,"showSkybox":false,"showFlares":true,"showImageEffects":true,"showParticleSystems":true},"in2DMode":false,"pivot":{"x":0.6158707737922669,"y":0.0003426074981689453,"z":-11.149179458618164},"rotation":{"x":-0.01791871339082718,"y":0.9820802211761475,"z":-0.13489121198654176,"w":-0.1303907185792923},"size":5.336868762969971,"orthographic":false}