{"cameraMode":{"drawMode":0,"name":"Shaded","section":"Shading Mode"},"sceneLighting":false,"audioPlay":false,"sceneViewState":{"showFog":true,"showMaterialUpdate":true,"showSkybox":false,"showFlares":true,"showImageEffects":true,"showParticleSystems":true},"in2DMode":false,"pivot":{"x":1.7552999258041382,"y":1.7791035175323487,"z":-81.05044555664063},"rotation":{"x":-0.000038263613532762975,"y":0.9954362511634827,"z":-0.0012190808774903417,"w":-0.09542092680931092},"size":0.37920281291007998,"orthographic":false}