{"cameraMode":{"drawMode":0,"name":"Shaded","section":"Shading Mode"},"sceneLighting":false,"audioPlay":false,"sceneViewState":{"showFog":true,"showMaterialUpdate":false,"showSkybox":false,"showFlares":true,"showImageEffects":true,"showParticleSystems":true},"in2DMode":false,"pivot":{"x":-5.799650192260742,"y":0.8454800844192505,"z":-44.75801467895508},"rotation":{"x":0.13790032267570496,"y":-0.7167092561721802,"z":0.14802215993404389,"w":0.6673835515975952},"size":24.57802391052246,"orthographic":false}