{"cameraMode":{"drawMode":0,"name":"Shaded","section":"Shading Mode"},"sceneLighting":false,"audioPlay":false,"sceneViewState":{"showFog":true,"showMaterialUpdate":true,"showSkybox":false,"showFlares":true,"showImageEffects":true,"showParticleSystems":true},"in2DMode":false,"pivot":{"x":6.403801441192627,"y":0.034375112503767017,"z":-78.23272705078125},"rotation":{"x":-0.000038263613532762975,"y":0.9954362511634827,"z":-0.0012190808774903417,"w":-0.09542092680931092},"size":0.37630495429039,"orthographic":false}