{"cameraMode":{"drawMode":0,"name":"Shaded","section":"Shading Mode"},"sceneLighting":false,"audioPlay":false,"sceneViewState":{"showFog":true,"showMaterialUpdate":true,"showSkybox":false,"showFlares":true,"showImageEffects":true,"showParticleSystems":true},"in2DMode":false,"pivot":{"x":-1.2643156051635743,"y":0.9799017906188965,"z":-76.18758392333985},"rotation":{"x":-0.017055876553058625,"y":-0.9723061919212341,"z":0.22069573402404786,"w":-0.07498826831579209},"size":0.2685074508190155,"orthographic":false}