{"cameraMode":{"drawMode":0,"name":"Shaded","section":"Shading Mode"},"sceneLighting":false,"audioPlay":false,"sceneViewState":{"showFog":true,"showMaterialUpdate":false,"showSkybox":false,"showFlares":true,"showImageEffects":true,"showParticleSystems":true},"in2DMode":false,"pivot":{"x":0.6158707737922669,"y":0.0003426074981689453,"z":-11.149179458618164},"rotation":{"x":0.07544014602899552,"y":0.9221711158752441,"z":-0.23154637217521668,"w":0.3004920482635498},"size":9.893261909484864,"orthographic":false}