{"cameraMode":{"drawMode":0,"name":"Shaded","section":"Shading Mode"},"sceneLighting":false,"audioPlay":false,"sceneViewState":{"showFog":true,"showMaterialUpdate":false,"showSkybox":false,"showFlares":true,"showImageEffects":true,"showParticleSystems":true},"in2DMode":false,"pivot":{"x":-22.07848358154297,"y":1.880077838897705,"z":27.59774398803711},"rotation":{"x":0.11801057308912277,"y":0.8692333102226257,"z":-0.4096415042877197,"w":0.25040116906166079},"size":10.84509563446045,"orthographic":false}