{"cameraMode":{"drawMode":0,"name":"Shaded","section":"Shading Mode"},"sceneLighting":true,"audioPlay":false,"sceneViewState":{"showFog":true,"showMaterialUpdate":true,"showSkybox":true,"showFlares":true,"showImageEffects":true,"showParticleSystems":true},"in2DMode":false,"pivot":{"x":1.787135362625122,"y":-6.4412407875061039,"z":-81.82068634033203},"rotation":{"x":0.0011433778563514352,"y":0.9924768209457398,"z":-0.12208756804466248,"w":0.009117315523326397},"size":44.177154541015628,"orthographic":false}