{"cameraMode":{"drawMode":0,"name":"Shaded","section":"Shading Mode"},"sceneLighting":false,"audioPlay":false,"sceneViewState":{"showFog":true,"showMaterialUpdate":true,"showSkybox":false,"showFlares":true,"showImageEffects":true,"showParticleSystems":true},"in2DMode":false,"pivot":{"x":-0.7874925136566162,"y":5.244236946105957,"z":-73.91716766357422},"rotation":{"x":0.24319030344486237,"y":-0.7463745474815369,"z":0.360319048166275,"w":0.5039382576942444},"size":10.757608413696289,"orthographic":false}