{"cameraMode":{"drawMode":0,"name":"Shaded","section":"Shading Mode"},"sceneLighting":true,"audioPlay":false,"sceneViewState":{"showFog":true,"showMaterialUpdate":true,"showSkybox":true,"showFlares":true,"showImageEffects":true,"showParticleSystems":true},"in2DMode":false,"pivot":{"x":22.336458206176759,"y":-4.453866004943848,"z":-56.1838493347168},"rotation":{"x":-0.12721076607704163,"y":-0.4368223547935486,"z":0.06185389310121536,"w":-0.8883568644523621},"size":27.99294662475586,"orthographic":false}