{"cameraMode":{"drawMode":0,"name":"Shaded","section":"Shading Mode"},"sceneLighting":false,"audioPlay":false,"sceneViewState":{"showFog":true,"showMaterialUpdate":false,"showSkybox":false,"showFlares":true,"showImageEffects":true,"showParticleSystems":true},"in2DMode":false,"pivot":{"x":3.9584312438964845,"y":1.4470858573913575,"z":-75.68695068359375},"rotation":{"x":0.030915284529328347,"y":0.9279102683067322,"z":-0.07897179573774338,"w":0.3630293905735016},"size":2.8104407787323,"orthographic":false}