{"cameraMode":{"drawMode":0,"name":"Shaded","section":"Shading Mode"},"sceneLighting":false,"audioPlay":false,"sceneViewState":{"showFog":true,"showMaterialUpdate":false,"showSkybox":false,"showFlares":true,"showImageEffects":true,"showParticleSystems":true},"in2DMode":false,"pivot":{"x":-6.642544746398926,"y":-0.001172780990600586,"z":14.267694473266602},"rotation":{"x":0.13954779505729676,"y":-0.6311246156692505,"z":0.11680488288402558,"w":0.7540323734283447},"size":7.151531219482422,"orthographic":false}