{"cameraMode":{"drawMode":0,"name":"Shaded","section":"Shading Mode"},"sceneLighting":false,"audioPlay":false,"sceneViewState":{"showFog":true,"showMaterialUpdate":false,"showSkybox":false,"showFlares":true,"showImageEffects":true,"showParticleSystems":true},"in2DMode":false,"pivot":{"x":-7.024538040161133,"y":-4.954587936401367,"z":21.399906158447267},"rotation":{"x":-0.11874005198478699,"y":-0.5807023048400879,"z":-0.08575644344091416,"w":0.8008317947387695},"size":2.4390697479248049,"orthographic":false}