{"cameraMode":{"drawMode":0,"name":"Shaded","section":"Shading Mode"},"sceneLighting":true,"audioPlay":false,"sceneViewState":{"showFog":true,"showMaterialUpdate":true,"showSkybox":true,"showFlares":true,"showImageEffects":true,"showParticleSystems":true},"in2DMode":false,"pivot":{"x":0.9904345273971558,"y":0.9753584265708923,"z":-68.83338165283203},"rotation":{"x":0.26944148540496828,"y":-0.6823036074638367,"z":0.3020244538784027,"w":0.6088056564331055},"size":19.41173553466797,"orthographic":false}