{"cameraMode":{"drawMode":0,"name":"Shaded","section":"Shading Mode"},"sceneLighting":false,"audioPlay":false,"sceneViewState":{"showFog":true,"showMaterialUpdate":false,"showSkybox":false,"showFlares":true,"showImageEffects":true,"showParticleSystems":true},"in2DMode":false,"pivot":{"x":-0.8159999847412109,"y":0.28032445907592776,"z":-79.35399627685547},"rotation":{"x":0.041328392922878268,"y":-0.9241759777069092,"z":0.3650668263435364,"w":0.1044842004776001},"size":1.3683897256851197,"orthographic":false}