{"cameraMode":{"drawMode":0,"name":"Shaded","section":"Shading Mode"},"sceneLighting":false,"audioPlay":false,"sceneViewState":{"showFog":true,"showMaterialUpdate":true,"showSkybox":false,"showFlares":true,"showImageEffects":true,"showParticleSystems":true},"in2DMode":false,"pivot":{"x":-12.129647254943848,"y":-0.6410502195358276,"z":-19.659460067749025},"rotation":{"x":0.2635578215122223,"y":-0.19834004342556,"z":0.0555407889187336,"w":0.9423978328704834},"size":10.757607460021973,"orthographic":false}