{"cameraMode":{"drawMode":0,"name":"Shaded","section":"Shading Mode"},"sceneLighting":false,"audioPlay":false,"sceneViewState":{"showFog":true,"showMaterialUpdate":true,"showSkybox":false,"showFlares":true,"showImageEffects":true,"showParticleSystems":true},"in2DMode":false,"pivot":{"x":3.7960150241851808,"y":-2.3710594177246095,"z":-3.6044960021972658},"rotation":{"x":-0.5163465142250061,"y":0.47644099593162539,"z":-0.44265878200531008,"w":-0.5571745038032532},"size":0.3518386483192444,"orthographic":false}