{"cameraMode":{"drawMode":0,"name":"Shaded","section":"Shading Mode"},"sceneLighting":false,"audioPlay":false,"sceneViewState":{"showFog":true,"showMaterialUpdate":true,"showSkybox":false,"showFlares":true,"showImageEffects":true,"showParticleSystems":true},"in2DMode":false,"pivot":{"x":-0.007401704788208008,"y":0.3168012499809265,"z":-5.960464477539063e-8},"rotation":{"x":0.550009548664093,"y":-0.16081148386001588,"z":0.10889707505702973,"w":0.8122627139091492},"size":2.195297956466675,"orthographic":false}