{"cameraMode":{"drawMode":0,"name":"Shaded","section":"Shading Mode"},"sceneLighting":false,"audioPlay":false,"sceneViewState":{"showFog":true,"showMaterialUpdate":true,"showSkybox":false,"showFlares":true,"showImageEffects":true,"showParticleSystems":true},"in2DMode":false,"pivot":{"x":-6.466000080108643,"y":3.990000009536743,"z":-74.4280014038086},"rotation":{"x":-0.021907027810811998,"y":-0.9783217906951904,"z":0.14424677193164826,"w":-0.14696775376796723},"size":4.184021949768066,"orthographic":false}