{"cameraMode":{"drawMode":0,"name":"Shaded","section":"Shading Mode"},"sceneLighting":false,"audioPlay":false,"sceneViewState":{"showFog":true,"showMaterialUpdate":false,"showSkybox":false,"showFlares":true,"showImageEffects":true,"showParticleSystems":true},"in2DMode":false,"pivot":{"x":-19.148588180541993,"y":3.3703722953796388,"z":-77.74629211425781},"rotation":{"x":-0.11041512340307236,"y":0.8326588273048401,"z":-0.17957453429698945,"w":-0.5120944976806641},"size":5.342105388641357,"orthographic":false}