{"cameraMode":{"drawMode":0,"name":"Shaded","section":"Shading Mode"},"sceneLighting":false,"audioPlay":false,"sceneViewState":{"showFog":true,"showMaterialUpdate":false,"showSkybox":false,"showFlares":true,"showImageEffects":true,"showParticleSystems":true},"in2DMode":false,"pivot":{"x":0.24678292870521546,"y":0.613951563835144,"z":-41.45499801635742},"rotation":{"x":0.07076282054185868,"y":-0.9288130402565002,"z":0.2706183195114136,"w":0.24303236603736878},"size":3.0371103286743166,"orthographic":false}