{"cameraMode":{"drawMode":0,"name":"Shaded","section":"Shading Mode"},"sceneLighting":false,"audioPlay":false,"sceneViewState":{"showFog":true,"showMaterialUpdate":true,"showSkybox":false,"showFlares":true,"showImageEffects":true,"showParticleSystems":true},"in2DMode":false,"pivot":{"x":1.8689367771148682,"y":0.4008517265319824,"z":-75.14849853515625},"rotation":{"x":0.08840799331665039,"y":-0.8247244358062744,"z":0.13455332815647126,"w":0.5421338677406311},"size":2.676278591156006,"orthographic":false}