{"cameraMode":{"drawMode":0,"name":"Shaded","section":"Shading Mode"},"sceneLighting":true,"audioPlay":false,"sceneViewState":{"showFog":true,"showMaterialUpdate":true,"showSkybox":true,"showFlares":true,"showImageEffects":true,"showParticleSystems":true},"in2DMode":false,"pivot":{"x":6.828680992126465,"y":-1.305222511291504,"z":-73.63379669189453},"rotation":{"x":0.18596388399600984,"y":0.6929507255554199,"z":-0.19242145121097566,"w":0.6694855093955994},"size":16.532346725463868,"orthographic":false}