{"cameraMode":{"drawMode":0,"name":"Shaded","section":"Shading Mode"},"sceneLighting":false,"audioPlay":false,"sceneViewState":{"showFog":true,"showMaterialUpdate":false,"showSkybox":false,"showFlares":true,"showImageEffects":true,"showParticleSystems":true},"in2DMode":false,"pivot":{"x":2.3010072708129885,"y":0.6081745624542236,"z":-12.175421714782715},"rotation":{"x":-0.04408949241042137,"y":-0.9047299027442932,"z":0.09672360122203827,"w":-0.41250982880592348},"size":7.474415302276611,"orthographic":false}