{"cameraMode":{"drawMode":0,"name":"Shaded","section":"Shading Mode"},"sceneLighting":false,"audioPlay":false,"sceneViewState":{"showFog":true,"showMaterialUpdate":true,"showSkybox":false,"showFlares":true,"showImageEffects":true,"showParticleSystems":true},"in2DMode":false,"pivot":{"x":3.5499231815338136,"y":-0.09199130535125733,"z":0.6771717667579651},"rotation":{"x":-0.16197073459625245,"y":-0.834842324256897,"z":0.32976019382476809,"w":-0.4099535346031189},"size":3.033632278442383,"orthographic":false}