{"cameraMode":{"drawMode":0,"name":"Shaded","section":"Shading Mode"},"sceneLighting":true,"audioPlay":false,"sceneViewState":{"showFog":true,"showMaterialUpdate":true,"showSkybox":true,"showFlares":true,"showImageEffects":true,"showParticleSystems":true},"in2DMode":false,"pivot":{"x":2.065171241760254,"y":4.353144645690918,"z":-75.35751342773438},"rotation":{"x":-0.03169027343392372,"y":0.9392490983009338,"z":-0.3290637135505676,"w":-0.0923248827457428},"size":5.6894307136535648,"orthographic":false}