{"cameraMode":{"drawMode":0,"name":"Shaded","section":"Shading Mode"},"sceneLighting":false,"audioPlay":false,"sceneViewState":{"showFog":true,"showMaterialUpdate":true,"showSkybox":false,"showFlares":true,"showImageEffects":true,"showParticleSystems":true},"in2DMode":false,"pivot":{"x":-0.15725059807300569,"y":0.4000853896141052,"z":0.00807277299463749},"rotation":{"x":0.27903294563293459,"y":0.6962020397186279,"z":-0.34381482005119326,"w":0.5650086998939514},"size":4.595297813415527,"orthographic":false}