{"cameraMode":{"drawMode":0,"name":"Shaded","section":"Shading Mode"},"sceneLighting":false,"audioPlay":false,"sceneViewState":{"showFog":true,"showMaterialUpdate":false,"showSkybox":false,"showFlares":true,"showImageEffects":true,"showParticleSystems":true},"in2DMode":false,"pivot":{"x":6.507239818572998,"y":5.8506879806518559,"z":-53.12659454345703},"rotation":{"x":-0.3496881127357483,"y":0.608012855052948,"z":-0.33914902806282046,"w":-0.6269102692604065},"size":80.2476806640625,"orthographic":false}