{"cameraMode":{"drawMode":0,"name":"Shaded","section":"Shading Mode"},"sceneLighting":true,"audioPlay":false,"sceneViewState":{"showFog":true,"showMaterialUpdate":true,"showSkybox":true,"showFlares":true,"showImageEffects":true,"showParticleSystems":true},"in2DMode":false,"pivot":{"x":1.7218818664550782,"y":3.297694206237793,"z":-75.886474609375},"rotation":{"x":0.37824109196662905,"y":-0.009247141890227795,"z":0.003864558879286051,"w":0.925652801990509},"size":22.11788558959961,"orthographic":false}