{"cameraMode":{"drawMode":0,"name":"Shaded","section":"Shading Mode"},"sceneLighting":false,"audioPlay":false,"sceneViewState":{"showFog":true,"showMaterialUpdate":true,"showSkybox":false,"showFlares":true,"showImageEffects":true,"showParticleSystems":true},"in2DMode":false,"pivot":{"x":-18.12540054321289,"y":-0.0198567733168602,"z":0.0444149374961853},"rotation":{"x":0.01139091420918703,"y":-0.9883763194084168,"z":0.11559473723173142,"w":0.09808360040187836},"size":3.0687661170959474,"orthographic":false}