{"cameraMode":{"drawMode":0,"name":"Shaded","section":"Shading Mode"},"sceneLighting":false,"audioPlay":false,"sceneViewState":{"showFog":true,"showMaterialUpdate":true,"showSkybox":false,"showFlares":true,"showImageEffects":true,"showParticleSystems":true},"in2DMode":false,"pivot":{"x":4.656612873077393e-10,"y":0.0039180126041173939,"z":-2.3283064365386965e-10},"rotation":{"x":-0.2753232717514038,"y":0.4313855469226837,"z":-0.14087073504924775,"w":-0.8475016355514526},"size":0.32893186807632449,"orthographic":false}