{"cameraMode":{"drawMode":0,"name":"Shaded","section":"Shading Mode"},"sceneLighting":false,"audioPlay":false,"sceneViewState":{"showFog":true,"showMaterialUpdate":true,"showSkybox":false,"showFlares":true,"showImageEffects":true,"showParticleSystems":true},"in2DMode":false,"pivot":{"x":4.8470001220703129,"y":3.5361828804016115,"z":-81.64768981933594},"rotation":{"x":-0.021907027810811998,"y":-0.9783217906951904,"z":0.14424677193164826,"w":-0.14696775376796723},"size":5.844912052154541,"orthographic":false}