{"cameraMode":{"drawMode":0,"name":"Shaded","section":"Shading Mode"},"sceneLighting":true,"audioPlay":false,"sceneViewState":{"showFog":true,"showMaterialUpdate":true,"showSkybox":true,"showFlares":true,"showImageEffects":true,"showParticleSystems":true},"in2DMode":false,"pivot":{"x":1.9929776191711426,"y":2.5975217819213869,"z":-76.30277252197266},"rotation":{"x":-0.0015298480866476894,"y":-0.9963760375976563,"z":0.0833120197057724,"w":-0.017075352370738984},"size":5.399341106414795,"orthographic":false}