{"cameraMode":{"drawMode":0,"name":"Shaded","section":"Shading Mode"},"sceneLighting":false,"audioPlay":false,"sceneViewState":{"showFog":true,"showMaterialUpdate":true,"showSkybox":false,"showFlares":true,"showImageEffects":true,"showParticleSystems":true},"in2DMode":false,"pivot":{"x":0.06811477243900299,"y":0.05625304579734802,"z":0.016386449337005616},"rotation":{"x":-0.05620546266436577,"y":0.9261147975921631,"z":-0.3400842547416687,"w":-0.15328094363212586},"size":1.1971466541290284,"orthographic":false}