{"cameraMode":{"drawMode":0,"name":"Shaded","section":"Shading Mode"},"sceneLighting":false,"audioPlay":false,"sceneViewState":{"showFog":true,"showMaterialUpdate":false,"showSkybox":false,"showFlares":true,"showImageEffects":true,"showParticleSystems":true},"in2DMode":false,"pivot":{"x":8.739999771118164,"y":22.484695434570314,"z":-0.000002769786078715697},"rotation":{"x":-0.03520653769373894,"y":-0.10175686329603195,"z":0.0035923761315643789,"w":-0.9941796064376831},"size":26.791725158691408,"orthographic":false}