{"cameraMode":{"drawMode":0,"name":"Shaded","section":"Shading Mode"},"sceneLighting":false,"audioPlay":false,"sceneViewState":{"showFog":true,"showMaterialUpdate":false,"showSkybox":false,"showFlares":true,"showImageEffects":true,"showParticleSystems":true},"in2DMode":false,"pivot":{"x":-10.88135814666748,"y":-2.506601095199585,"z":21.049671173095704},"rotation":{"x":-0.11056426167488098,"y":-0.6436306834220886,"z":-0.09471210837364197,"w":0.7513618469238281},"size":7.207578659057617,"orthographic":false}