{"cameraMode":{"drawMode":0,"name":"Shaded","section":"Shading Mode"},"sceneLighting":false,"audioPlay":false,"sceneViewState":{"showFog":true,"showMaterialUpdate":true,"showSkybox":false,"showFlares":true,"showImageEffects":true,"showParticleSystems":true},"in2DMode":false,"pivot":{"x":-12.684725761413575,"y":-1.081122875213623,"z":-19.008159637451173},"rotation":{"x":-0.03581240773200989,"y":0.9407470226287842,"z":-0.32035642862319949,"w":-0.10528203099966049},"size":11.409041404724121,"orthographic":false}