{"cameraMode":{"drawMode":0,"name":"Shaded","section":"Shading Mode"},"sceneLighting":false,"audioPlay":false,"sceneViewState":{"showFog":true,"showMaterialUpdate":false,"showSkybox":false,"showFlares":true,"showImageEffects":true,"showParticleSystems":true},"in2DMode":false,"pivot":{"x":-7.024538040161133,"y":-4.954587936401367,"z":21.399906158447267},"rotation":{"x":-0.18044722080230714,"y":-0.7189618349075317,"z":-0.20227357745170594,"w":0.6400142312049866},"size":3.9390695095062258,"orthographic":false}