{"cameraMode":{"drawMode":0,"name":"Shaded","section":"Shading Mode"},"sceneLighting":false,"audioPlay":false,"sceneViewState":{"showFog":true,"showMaterialUpdate":false,"showSkybox":false,"showFlares":true,"showImageEffects":true,"showParticleSystems":true},"in2DMode":false,"pivot":{"x":0.9418604373931885,"y":3.141467571258545,"z":-75.14656829833985},"rotation":{"x":0.0026105246506631376,"y":-0.9846317172050476,"z":-0.014766521751880646,"w":-0.17399877309799195},"size":6.762729167938232,"orthographic":false}