{"cameraMode":{"drawMode":0,"name":"Shaded","section":"Shading Mode"},"sceneLighting":false,"audioPlay":false,"sceneViewState":{"showFog":true,"showMaterialUpdate":true,"showSkybox":false,"showFlares":true,"showImageEffects":true,"showParticleSystems":true},"in2DMode":false,"pivot":{"x":0.06634125113487244,"y":0.1327604055404663,"z":-0.03356648609042168},"rotation":{"x":0.033531635999679568,"y":0.7540014386177063,"z":-0.0376366451382637,"w":0.6549359560012817},"size":0.5505152940750122,"orthographic":false}