{"cameraMode":{"drawMode":0,"name":"Shaded","section":"Shading Mode"},"sceneLighting":false,"audioPlay":false,"sceneViewState":{"showFog":true,"showMaterialUpdate":true,"showSkybox":false,"showFlares":true,"showImageEffects":true,"showParticleSystems":true},"in2DMode":false,"pivot":{"x":1.8689367771148682,"y":0.4008517265319824,"z":-75.14849853515625},"rotation":{"x":0.3300454914569855,"y":-0.6437427401542664,"z":0.361126571893692,"w":0.5884325504302979},"size":2.676278591156006,"orthographic":false}