{"cameraMode":{"drawMode":0,"name":"Shaded","section":"Shading Mode"},"sceneLighting":true,"audioPlay":false,"sceneViewState":{"showFog":true,"showMaterialUpdate":true,"showSkybox":true,"showFlares":true,"showImageEffects":true,"showParticleSystems":true},"in2DMode":false,"pivot":{"x":2.403696298599243,"y":-0.05145123228430748,"z":-75.63067626953125},"rotation":{"x":-0.09622341394424439,"y":-0.888105571269989,"z":0.21705186367034913,"w":-0.39357101917266848},"size":5.1432271003723148,"orthographic":false}