{"cameraMode":{"drawMode":0,"name":"Shaded","section":"Shading Mode"},"sceneLighting":false,"audioPlay":false,"sceneViewState":{"showFog":true,"showMaterialUpdate":false,"showSkybox":false,"showFlares":true,"showImageEffects":true,"showParticleSystems":true},"in2DMode":false,"pivot":{"x":-3.198345422744751,"y":-2.1862845420837404,"z":-56.21206283569336},"rotation":{"x":0.1875206083059311,"y":-0.6945829391479492,"z":0.19534990191459657,"w":0.6665050983428955},"size":50.69940948486328,"orthographic":false}