{"cameraMode":{"drawMode":0,"name":"Shaded","section":"Shading Mode"},"sceneLighting":true,"audioPlay":false,"sceneViewState":{"showFog":true,"showMaterialUpdate":true,"showSkybox":true,"showFlares":true,"showImageEffects":true,"showParticleSystems":true},"in2DMode":false,"pivot":{"x":-28.512466430664064,"y":-25.353702545166017,"z":-72.88285827636719},"rotation":{"x":-0.20136290788650514,"y":0.774313747882843,"z":-0.3002503216266632,"w":-0.5193659663200378},"size":71.69302368164063,"orthographic":false}