{"cameraMode":{"drawMode":0,"name":"Shaded","section":"Shading Mode"},"sceneLighting":false,"audioPlay":false,"sceneViewState":{"showFog":true,"showMaterialUpdate":false,"showSkybox":false,"showFlares":true,"showImageEffects":true,"showParticleSystems":true},"in2DMode":false,"pivot":{"x":2.9594521522521974,"y":3.8957061767578127,"z":-76.42617797851563},"rotation":{"x":0.00753354886546731,"y":0.9493076205253601,"z":0.022782932966947557,"w":-0.3134314715862274},"size":12.529064178466797,"orthographic":false}